City,Latitude,Longitudes,Max Temp (F),Humidity (%),Cloudiness (%),Wind Speed (mph),Country,Date
Port Lincoln,-34.73,135.87,54.28,67,36,53.44,AU,1600698584
Port Hardy,50.7,-127.42,51.8,93,90,2.39,CA,1600698585
Beringovskiy,63.05,179.32,40.03,90,100,23.96,RU,1600698585
Yanji,42.91,129.51,51.19,81,82,2.39,CN,1600698585
Kangaatsiaq,68.31,-53.46,34.43,86,100,3.89,GL,1600698585
Aitape,-3.14,142.35,78.46,84,1,6.76,PG,1600698586
Lompoc,34.64,-120.46,53.6,100,90,1.45,US,1600698577
Tuktoyaktuk,69.45,-133.04,35.6,93,90,25.52,CA,1600698586
Bar Harbor,44.39,-68.2,59.0,50,1,7.52,US,1600698586
Sitka,57.05,-135.33,50.0,87,90,7.52,US,1600698586
Coyah,9.75,-13.42,82.4,74,75,5.01,GN,1600698587
Kelamangalam,12.6,77.85,71.6,94,75,25.52,IN,1600698587
San Quintín,30.48,-115.95,68.63,87,0,20.87,MX,1600698587
Kaitangata,-46.28,169.85,48.0,63,6,13.4,NZ,1600698587
Stornoway,58.21,-6.39,57.2,87,75,46.53,GB,1600698587
Tiksi,71.69,128.87,44.76,77,84,27.11,RU,1600698588
Canchungo,12.07,-16.03,87.8,69,40,5.01,GW,1600698588
Prince Rupert,54.32,-130.32,46.4,100,1,11.16,CA,1600698588
Nueve de Julio,-35.44,-60.88,63.0,32,10,4.45,AR,1600698589
Fort Nelson,58.81,-122.7,39.2,100,75,5.01,CA,1600698589
Mumford,5.26,-0.76,77.9,82,73,38.27,GH,1600698589
Annau,37.89,58.52,77.0,27,75,12.82,TM,1600698590
Jardim,-21.48,-56.14,72.36,69,65,9.1,BR,1600698590
Pontian Kecil,1.48,103.39,78.01,94,20,5.01,MY,1600698590
Kahului,20.89,-156.47,78.8,74,75,20.51,US,1600698549
Kilis,36.72,37.12,86.0,25,0,25.52,TR,1600698591
Kushima,31.46,131.23,68.58,78,5,21.68,JP,1600698591
Sainte-Rose,-21.13,55.8,73.4,64,7,46.53,RE,1600698591
Arrondissement de Limoges,45.75,1.33,70.0,88,100,5.01,FR,1600698591
Port Elizabeth,-33.92,25.57,62.6,59,0,56.55,ZA,1600698592
Launceston,-41.45,147.17,48.99,93,40,20.51,AU,1600698302
Marsaxlokk,35.84,14.54,82.99,69,20,20.51,MT,1600698592
Waingapu,-9.66,120.26,79.3,78,99,8.46,ID,1600698592
Mozarlândia,-14.74,-50.57,99.18,21,83,14.56,BR,1600698593
Zhangjiakou,40.81,114.88,59.92,62,48,10.8,CN,1600698593
Kargasok,59.06,80.86,56.17,77,0,31.83,RU,1600698593
Coromandel,-36.77,175.5,48.0,94,0,2.26,NZ,1600698593
Fandriana,-20.23,47.38,66.69,59,0,19.62,MG,1600698593
Urucará,-2.54,-57.76,95.59,43,31,10.0,BR,1600698594
Poum,-20.23,164.02,71.89,71,0,23.02,NC,1600698594
Aksarka,66.56,67.8,42.35,91,100,23.22,RU,1600698594
Sistranda,63.73,8.83,53.6,87,75,79.57,NO,1600698594
Haines Junction,60.75,-137.51,34.38,89,2,6.2,CA,1600698595
Dois Riachos,-9.39,-37.1,92.19,33,12,21.03,BR,1600698595
Pemangkat,1.17,108.97,77.47,90,93,23.78,ID,1600698595
College,64.86,-147.8,35.01,86,75,10.51,US,1600698595
Lumberton,34.62,-79.01,60.8,67,75,31.03,US,1600698572
Shatrovo,56.52,64.63,38.98,85,100,27.18,RU,1600698596
Nexø,55.06,15.13,62.6,82,96,7.52,DK,1600698596
Puerto Ayora,-0.74,-90.35,66.85,87,100,20.42,EC,1600698596
Bitam,2.08,11.5,77.61,87,88,14.2,GA,1600698596
Nador,35.17,-2.93,86.0,42,35,25.52,MA,1600698597
Bundaberg,-24.85,152.35,73.0,88,90,23.02,AU,1600698597
Bredasdorp,-34.53,20.04,64.4,39,0,25.52,ZA,1600698597
Jaru,-10.44,-62.47,88.66,53,100,8.01,BR,1600698597
Toamasina,-18.17,49.38,77.0,78,75,7.52,MG,1600698598
Arlit,18.74,7.39,103.03,9,0,7.76,NE,1600698598
Tumen,42.97,129.84,51.44,82,73,2.59,CN,1600698598
Bam,29.11,58.36,80.17,13,0,19.3,IR,1600698598
Iquitos,-3.75,-73.25,86.0,74,100,7.52,PE,1600698599
Ouésso,1.61,16.05,83.88,69,64,7.45,CG,1600698599
Port Alfred,-33.59,26.89,62.89,56,2,45.95,ZA,1600698599
Gamba,-2.65,10.0,78.1,70,7,23.78,GA,1600698599
Ambulu,-8.35,113.61,77.13,88,100,7.7,ID,1600698599
Rovenki,49.91,38.89,65.44,28,4,19.3,RU,1600698600
Arroyo,41.39,-78.88,53.01,53,1,10.51,US,1600698600
Haicheng,40.85,122.75,58.17,72,23,12.37,CN,1600698601
Campo de Criptana,39.4,-3.12,69.01,47,99,11.21,ES,1600698601
Fécamp,49.76,0.37,75.2,47,0,10.51,FR,1600698601
Gusau,12.16,6.66,86.94,55,69,10.65,NG,1600698602
Pitimbu,-7.47,-34.81,84.2,66,75,25.52,BR,1600698602
Atbasar,51.8,68.33,47.5,70,100,23.38,KZ,1600698603
Rikitea,-23.12,-134.97,72.1,75,45,49.39,PF,1600698603
Nurlat,54.43,50.81,44.96,89,100,29.77,RU,1600698604
Vestmannaeyjar,63.44,-20.27,46.4,52,75,56.55,IS,1600698604
Barrow,71.29,-156.79,35.6,96,90,36.04,US,1600698605
Kīhei,20.79,-156.47,78.8,74,75,20.51,US,1600698480
Flinders,-34.58,150.86,68.0,76,67,2.26,AU,1600698605
Awjilah,29.11,21.29,88.61,27,0,28.16,LY,1600698606
Garoowe,8.41,48.48,92.12,29,65,30.62,SO,1600698608
Villacarrillo,38.12,-3.08,87.01,27,91,15.86,ES,1600698609
Lufilufi,-13.87,-171.6,75.2,94,20,10.51,WS,1600698609
Dongsheng,39.82,109.98,59.56,55,50,18.77,CN,1600698610
Al Bardīyah,31.76,25.09,77.58,55,20,30.71,LY,1600698610
Vaini,-21.2,-175.2,71.6,83,75,18.01,TO,1600698610
Mackenzie,55.3,-123.17,42.8,93,75,7.52,CA,1600698611
Thompson,55.74,-97.86,55.4,100,90,7.45,CA,1600698606
Nyurba,63.28,118.33,44.6,89,80,6.85,RU,1600698611
Quatre Cocos,-20.21,57.76,73.4,69,40,28.52,MU,1600698611
Denpasar,-8.65,115.22,77.0,100,75,31.03,ID,1600698545
Saint-Augustin,51.23,-58.65,55.02,50,0,25.57,CA,1600698612
Prince George,53.92,-122.75,46.0,100,75,2.1,CA,1600698607
Meiringen,46.73,8.18,66.2,72,90,5.01,CH,1600698612
Alakurtti,66.97,30.35,46.99,94,100,15.66,RU,1600698613
Bakchar,57.02,82.07,56.21,64,14,23.02,RU,1600698613
Gravataí,-29.94,-50.99,62.6,51,0,18.01,BR,1600698613
Isernia,41.6,14.24,79.0,64,85,14.85,IT,1600698613
Meulaboh,4.14,96.13,81.5,80,100,2.91,ID,1600698614
Beloha,-25.17,45.05,74.37,59,0,19.71,MG,1600698614
San Antonio,-33.59,-71.62,51.8,100,90,5.01,CL,1600698614
Yulara,-25.24,130.99,55.4,19,0,15.5,AU,1600698614
Katsuura,35.13,140.3,73.4,78,75,15.5,JP,1600698615
Mount Isa,-20.73,139.5,73.4,78,90,25.52,AU,1600698615
Tyrma,50.08,132.17,41.88,85,39,2.35,RU,1600698616
Angoche,-16.23,39.91,77.95,66,0,40.22,MZ,1600698616
Port Hawkesbury,45.62,-61.35,57.0,58,1,15.5,CA,1600698584
Victoria,48.43,-123.37,53.01,93,75,5.01,CA,1600698407
Vavozh,56.78,51.93,41.67,94,100,19.37,RU,1600698616
Vila Franca do Campo,37.72,-25.43,71.6,73,20,33.53,PT,1600698617
Lorengau,-2.02,147.27,82.02,78,16,15.97,PG,1600698617
New Norfolk,-42.78,147.06,48.99,64,92,2.26,AU,1600698617
Qujing,25.48,103.78,61.92,94,98,9.22,CN,1600698617
Palu,-0.89,119.87,77.05,83,32,3.51,ID,1600698618
Küttigen,47.42,8.05,77.0,57,6,4.45,CH,1600698618
Mazsalaca,57.86,25.05,59.0,79,100,6.71,LV,1600698618
Sørland,67.67,12.69,48.2,87,75,69.55,NO,1600698618
Qaanaaq,77.48,-69.36,17.29,85,18,12.46,GL,1600698619
Kaeo,-35.1,173.78,53.01,93,38,8.5,NZ,1600698619
Barra do Corda,-5.5,-45.25,96.66,38,87,14.52,BR,1600698619
Ereymentau,51.62,73.1,46.71,54,21,29.08,KZ,1600698619
Ambāgarh Chauki,20.78,80.72,76.86,85,100,9.8,IN,1600698620
Merowe,18.48,31.82,105.26,14,42,29.73,SD,1600698620
Aklavik,68.22,-135.01,33.8,96,90,10.51,CA,1600698620
Manavālakurichi,8.13,77.3,80.6,94,90,5.01,IN,1600698621
Ca Mau,9.18,105.15,79.5,88,100,4.16,VN,1600698621
Nizwá,22.93,57.53,92.98,11,0,12.86,OM,1600698621
Kedrovyy,56.17,91.82,50.0,87,67,9.06,RU,1600698621
Lebu,-37.62,-73.65,53.28,78,100,28.36,CL,1600698622
Dunedin,-45.87,170.5,52.0,64,0,4.45,NZ,1600698606
Eureka,40.8,-124.16,57.0,94,5,2.26,US,1600698516
Kayanga,-1.53,31.15,75.15,53,83,13.6,TZ,1600698622
Ribeira Grande,38.52,-28.7,73.4,64,20,38.52,PT,1600698622
Mehamn,71.04,27.85,42.8,81,75,51.54,NO,1600698623
Ponta do Sol,17.2,-25.09,86.0,66,40,15.5,CV,1600698623
Kokkola,63.84,23.13,55.4,76,100,41.03,FI,1600698623
Nome,64.5,-165.41,41.0,80,90,15.5,US,1600698623
Anadyr,64.75,177.48,39.2,86,40,21.97,RU,1600698624
Copiapó,-27.37,-70.33,57.2,71,20,7.52,CL,1600698624
Abéché,13.83,20.83,91.4,30,20,12.5,TD,1600698624
Quijingue,-10.75,-39.21,90.32,35,64,14.16,BR,1600698624
George Town,19.29,-81.37,87.8,74,20,17.6,KY,1600698488
Castro,-42.47,-73.77,48.99,88,90,2.26,CL,1600698625
Tūkrah,32.53,20.58,79.3,57,12,24.92,LY,1600698625
Huarmey,-10.07,-78.15,66.31,74,83,18.61,PE,1600698625
Bambous Virieux,-20.34,57.76,73.4,69,40,28.52,MU,1600698625
Klaksvík,62.23,-6.59,51.8,71,99,23.02,FO,1600698625
Vila do Maio,15.13,-23.22,84.2,79,40,28.52,CV,1600698626
Mersing,2.43,103.84,75.2,100,100,7.52,MY,1600698585
Olinda,-8.01,-34.86,84.2,66,40,25.52,BR,1600698621
Abu Dhabi,24.47,54.37,93.2,63,0,25.52,AE,1600698570
La Romana,18.43,-68.97,86.0,70,40,7.52,DO,1600698366
Zeya,53.75,127.27,46.22,69,100,5.5,RU,1600698626
Pithorāgarh,29.58,80.22,65.95,95,0,4.16,IN,1600698627
Hofn,64.25,-15.21,48.2,66,40,46.53,IS,1600698627
State College,40.79,-77.86,54.0,61,5,10.11,US,1600698507
Lázaro Cárdenas,17.96,-102.2,81.25,74,16,8.75,MX,1600698627
Karacaköy,41.4,28.38,75.2,64,75,46.53,TR,1600698628
Manta,-0.95,-80.73,73.4,88,75,7.52,EC,1600698628
Villagarzón,1.04,-76.63,85.71,46,65,7.65,CO,1600698628
San Policarpo,12.18,125.51,81.0,85,100,17.47,PH,1600698628
Reconquista,-29.15,-59.65,64.8,34,0,17.52,AR,1600698629
Kabo,7.7,18.63,83.48,75,7,12.71,CF,1600698629
Tomatlán,19.93,-105.25,82.08,73,2,4.36,MX,1600698629
Yangliuqing,39.14,117.0,66.2,82,4,13.71,CN,1600698629
Korba,22.35,82.68,78.31,86,100,2.35,IN,1600698629
Tsogni,-2.79,10.1,77.13,72,29,21.52,GA,1600698630
Kamaishi,39.27,141.88,63.12,74,66,11.21,JP,1600698630
Provideniya,64.38,-173.3,35.29,85,66,20.11,RU,1600698630
Kieta,-6.22,155.63,79.0,76,99,2.46,PG,1600698630
Swan Hill,-35.34,143.55,50.97,64,7,18.97,AU,1600698631
Bafra,41.57,35.91,71.6,68,75,10.51,TR,1600698631
Praia,14.92,-23.51,84.2,79,40,28.52,CV,1600698631
La Palma,8.4,-78.15,83.35,74,99,6.76,PA,1600698631
Plettenberg Bay,-34.05,23.37,57.99,56,0,15.82,ZA,1600698632
Mackay,-21.15,149.2,71.6,94,75,10.51,AU,1600698632
Pochutla,15.74,-96.47,81.0,78,20,4.61,MX,1600698632
Ancud,-41.87,-73.82,48.99,88,98,2.26,CL,1600698633
Birao,10.28,22.79,82.24,83,75,10.36,CF,1600698633
Georgetown,-7.93,-14.42,73.36,75,55,36.82,SH,1600698633
Jamestown,-15.94,-5.72,61.36,86,93,50.09,SH,1600698633
Bosaso,11.28,49.18,91.4,75,20,13.02,SO,1600698634
Dikson,73.51,80.55,45.95,92,95,50.24,RU,1600698634
Havre-St-Pierre,50.23,-63.6,48.2,66,1,20.51,CA,1600698634
Morondava,-20.28,44.28,77.72,76,0,31.47,MG,1600698635
Ostrovnoy,68.05,39.51,44.46,76,67,28.07,RU,1600698635
General Roca,-39.03,-67.58,63.0,18,95,6.71,AR,1600698635
Egvekinot,66.32,-179.17,31.59,93,0,12.91,RU,1600698635
Horsham,-36.72,142.2,48.33,83,2,24.47,AU,1600698636
Inhambane,-23.86,35.38,84.0,74,20,23.02,MZ,1600698636
Lüderitz,-26.65,15.16,72.07,32,2,74.11,NA,1600698636
Frome,51.23,-2.32,77.0,58,0,5.1,GB,1600698636
Albany,-35.02,117.89,53.6,93,90,31.03,AU,1600698637
Linxia Chengguanzhen,35.6,103.21,56.48,74,99,3.6,CN,1600698637
Tāybād,34.74,60.78,69.24,29,0,53.73,IR,1600698637
Rypefjord,70.63,23.67,46.4,70,40,36.04,NO,1600698637
Oberndorf,48.29,8.57,75.99,63,22,5.7,DE,1600698638
Naantali,60.47,22.02,57.99,82,94,28.52,FI,1600698638
Porto Novo,17.02,-25.06,86.0,66,40,15.5,CV,1600698638
Lunenburg,44.38,-64.32,59.0,63,0,4.45,CA,1600698638
Victoria,-4.62,55.45,82.4,83,40,23.02,SC,1600698638
Verāval,20.9,70.37,80.82,88,100,20.56,IN,1600698639
Ahipara,-35.17,173.17,51.58,90,9,10.92,NZ,1600698639
Saint-François,16.25,-61.27,89.6,66,20,10.51,GP,1600698639
Hermanus,-34.42,19.23,68.0,46,0,8.95,ZA,1600698639
Ushuaia,-54.8,-68.3,42.8,75,75,13.31,AR,1600698640
Geraldton,-28.77,114.6,48.2,87,0,15.5,AU,1600698640
Vung Tau,10.35,107.08,82.35,82,100,21.92,VN,1600698640
Harper,4.38,-7.72,78.24,83,85,29.08,LR,1600698640
Kruisfontein,-34.0,24.73,64.99,44,0,22.37,ZA,1600698640
Mongo,12.18,18.69,87.91,52,22,22.01,TD,1600698641
Broken Hill,-31.95,141.43,59.0,44,0,31.03,AU,1600698641
Turaif,31.67,38.66,102.2,14,6,15.5,SA,1600698641
Ligayan,4.65,119.47,84.52,72,10,13.35,PH,1600698641
The Valley,18.22,-63.06,89.6,70,20,20.51,AI,1600698538
Ballina,-28.87,153.57,71.6,83,4,33.53,AU,1600698642
Chapais,49.78,-74.85,50.0,66,90,25.52,CA,1600698642
Berbera,10.44,45.01,92.71,50,86,5.55,SO,1600698642
Bengkulu,-3.8,102.27,75.22,93,100,11.56,ID,1600698642
Port Hedland,-20.32,118.57,68.0,72,0,18.01,AU,1600698642
Bodden Town,19.28,-81.25,87.8,74,20,18.12,KY,1600698643
Harbour Breton,47.48,-55.8,54.0,100,52,11.21,CA,1600698643
Aden,12.78,45.04,90.79,64,46,18.92,YE,1600698439
Rock Sound,24.9,-76.2,83.37,77,49,34.07,BS,1600698643
Alberton,-26.25,28.13,82.0,34,80,18.86,ZA,1600698643
Soe,-9.86,124.28,66.47,99,100,8.16,ID,1600698644
Wewak,-3.55,143.63,80.02,83,15,15.66,PG,1600698644
Tuatapere,-46.13,167.68,53.01,66,99,22.37,NZ,1600698644
Vezirköprü,41.14,35.45,69.8,46,75,46.53,TR,1600698644
Karasuk,53.74,78.04,56.01,48,96,24.27,RU,1600698645
Bathsheba,13.22,-59.52,89.6,70,40,23.02,BB,1600698645
Kavaratti,10.57,72.64,82.04,78,100,54.58,IN,1600698645
Ranot,7.78,100.32,83.55,76,100,15.05,TH,1600698645
Shymkent,42.3,69.6,64.4,32,40,5.01,KZ,1600698645
Matam,15.62,-13.33,87.98,55,83,14.56,SN,1600698646
Acapulco de Juárez,16.86,-99.89,80.6,74,5,10.51,MX,1600698646
Hilo,19.73,-155.09,73.4,64,90,6.46,US,1600698646
Giresun Province,40.5,38.5,71.6,100,75,25.52,TR,1600698646
Enumclaw,47.2,-121.99,52.0,96,100,4.36,US,1600698647
Storforshei,66.4,14.52,44.01,77,100,54.69,NO,1600698647
Acaraú,-2.89,-40.12,82.83,63,100,39.53,BR,1600698609
Hīt,33.64,42.83,96.19,12,0,19.01,IQ,1600698647
Tongliao,43.61,122.27,58.93,77,90,28.27,CN,1600698647
Eyl,7.98,49.82,77.97,74,98,53.93,SO,1600698648
Fairbanks,64.84,-147.72,35.01,90,40,7.52,US,1600698399
Namatanai,-3.67,152.43,78.96,80,2,15.26,PG,1600698648
Jumla,29.27,82.18,60.17,69,7,6.67,NP,1600698648
Husainābād,24.53,84.02,80.78,85,84,11.9,IN,1600698649
Beaumont,30.09,-94.1,71.6,94,90,31.03,US,1600698597
Agadez,19.75,10.25,99.61,9,0,13.71,NE,1600698649
Douentza,15.0,-2.95,101.71,22,0,21.56,ML,1600698649
Pisco,-13.7,-76.22,62.01,87,90,10.51,PE,1600698649
Lashio,22.93,97.75,70.61,97,100,4.09,MM,1600698650
Syamzha,60.02,41.06,47.62,83,100,17.31,RU,1600698650
Arrondissement de Vichy,46.25,3.58,71.01,77,55,20.51,FR,1600698650
Westport,53.8,-9.52,59.0,76,63,11.21,IE,1600698650
Tessalit,20.2,1.01,104.7,8,0,22.37,ML,1600698650
Sibolga,1.74,98.78,79.83,82,100,5.95,ID,1600698651
Ukiah,39.15,-123.21,55.0,81,1,3.6,US,1600698651
Oranjemund,-28.55,16.43,61.09,61,0,55.99,NA,1600698651
Torbay,47.67,-52.73,55.0,56,75,36.04,CA,1600698599
Belawan,3.78,98.68,79.03,84,81,13.02,ID,1600698651
Upernavik,72.79,-56.15,29.35,92,100,12.86,GL,1600698652
Finnsnes,69.23,17.98,48.2,70,40,25.52,NO,1600698652
Seymchan,62.88,152.43,26.58,95,0,4.36,RU,1600698652
Severo-Kuril'sk,50.68,156.12,48.79,76,100,10.96,RU,1600698652
Waipawa,-41.41,175.52,55.4,82,0,51.54,NZ,1600698653
San Cristobal,-0.9,-89.62,67.23,88,100,23.67,EC,1600698653
Sinnamary,5.38,-52.95,85.71,68,22,20.51,GF,1600698653
Kashgar,39.45,75.98,68.0,37,0,5.01,CN,1600698469
Annemasse,46.19,6.24,71.6,64,20,10.51,FR,1600698653
Atuona,-9.8,-139.03,78.8,71,4,45.88,PF,1600698654
Yunyang,33.45,112.71,58.41,91,100,10.36,CN,1600698654
Iqaluit,63.75,-68.51,33.8,95,90,7.52,CA,1600698392
Tamiahua,21.27,-97.45,78.39,75,8,8.86,MX,1600698654
Quelimane,-17.88,36.89,84.0,58,0,77.06,MZ,1600698655
Saint-Georges,3.9,-51.8,87.8,62,75,13.02,GF,1600698655
Altus,34.64,-99.33,62.6,93,40,14.2,US,1600698655
Hobyo,5.35,48.53,77.52,77,8,63.19,SO,1600698655
Laguna,-28.48,-48.78,60.04,47,0,20.96,BR,1600698655
Sisimiut,66.94,-53.67,32.77,94,100,16.06,GL,1600698656
Shache,38.42,77.24,65.17,26,0,21.81,CN,1600698656
Oodweyne,9.41,45.06,89.83,22,100,6.96,SO,1600698656
Buala,-8.14,159.59,80.33,78,12,11.97,SB,1600698656
Alofi,-19.06,-169.92,71.6,94,75,18.01,NU,1600698656
Djibouti,11.5,42.5,91.4,70,1,25.52,DJ,1600698657
Quesnel,53.0,-122.5,50.0,93,90,7.52,CA,1600698657
Chui,-33.7,-53.46,54.16,53,4,20.87,UY,1600698657
Baisha,26.52,110.93,70.25,88,100,5.01,CN,1600698657
Lavrentiya,65.58,-171.0,35.55,85,43,22.06,RU,1600698658
Krasnosel'kup,65.7,82.47,55.35,75,0,55.1,RU,1600698658
Dandong,40.13,124.39,54.73,81,0,3.51,CN,1600698658
Revda,56.8,59.93,39.2,86,40,20.02,RU,1600698658
Murud,18.33,72.97,80.31,87,100,2.06,IN,1600698659
Mahébourg,-20.41,57.7,73.4,69,40,28.52,MU,1600698659
Dicabisagan,17.08,122.42,79.92,81,38,8.9,PH,1600698659
Dombarovskiy,50.76,59.54,45.36,65,72,25.97,RU,1600698659
Half Moon Bay,37.46,-122.43,59.0,100,90,10.51,US,1600698517
Vitim,59.45,112.56,42.94,92,100,5.14,RU,1600698659
Vao,-22.67,167.48,69.51,77,12,41.34,NC,1600698660
Arnprior,45.43,-76.35,57.99,83,0,12.37,CA,1600698660
Fuengirola,36.54,-4.62,84.2,42,0,20.51,ES,1600698660
Maceió,-9.67,-35.74,82.4,69,75,33.53,BR,1600698661
Prosvet,55.57,65.08,39.33,83,100,23.06,RU,1600698661
Ribas do Rio Pardo,-20.44,-53.76,82.9,49,91,24.23,BR,1600698661
Ponta Delgada,37.73,-25.67,71.6,73,20,33.53,PT,1600698661
Bandarbeyla,9.49,50.81,78.01,76,7,67.31,SO,1600698662
Tulum,20.22,-87.47,86.0,74,40,7.52,MX,1600698636
Longyearbyen,78.22,15.64,39.2,69,75,41.03,SJ,1600698662
Chifeng,42.27,118.96,55.92,64,72,16.42,CN,1600698662
Ternate,0.8,127.4,81.36,77,53,7.96,ID,1600698614
Alta Floresta,-9.88,-56.09,77.0,83,90,5.01,BR,1600698662
Polunochnoye,60.87,60.42,35.29,86,83,13.31,RU,1600698663
Atambua,-9.11,124.89,73.94,88,100,7.65,ID,1600698663
Konispol,39.66,20.18,82.4,58,40,11.25,AL,1600698663
Margate,-30.86,30.37,64.63,58,7,49.23,ZA,1600698663
Turukhansk,65.82,87.98,50.14,84,81,36.17,RU,1600698664
Pacific Grove,36.62,-121.92,57.0,80,90,7.52,US,1600698480
Kita,13.03,-9.49,88.21,57,77,12.26,ML,1600698664
Hualmay,-11.1,-77.61,65.05,74,91,18.61,PE,1600698665
Zhangye,38.93,100.45,53.51,81,100,5.14,CN,1600698665
Ipameri,-17.72,-48.16,81.93,34,64,27.42,BR,1600698665
Marystown,47.17,-55.15,54.0,100,99,11.21,CA,1600698665
Pimenta Bueno,-11.67,-61.19,89.92,47,81,10.96,BR,1600698522
Kalabo,-14.97,22.68,99.39,9,0,19.82,ZM,1600698666
Muros,42.78,-9.06,73.99,85,1,31.32,ES,1600698666
Egersund,58.45,6.0,55.0,95,100,2.26,NO,1600698666
Dingle,52.14,-10.27,62.6,77,75,18.01,IE,1600698667
Korla,41.76,86.15,65.75,30,0,3.2,CN,1600698667
Moyale,3.52,39.05,80.49,36,70,26.26,ET,1600698667
Viedma,-40.81,-63.0,60.01,35,8,20.11,AR,1600698645
Te Anau,-45.42,167.72,44.73,84,71,16.51,NZ,1600698668
Senneterre,48.38,-77.23,55.4,66,20,23.02,CA,1600698668
Portland,-38.33,141.6,52.61,78,43,37.54,AU,1600698459
Pevek,69.7,170.31,36.75,85,81,26.87,RU,1600698668
Havelock,34.88,-76.9,66.99,68,1,31.03,US,1600698669
Praia da Vitória,38.73,-27.07,73.99,68,40,22.46,PT,1600698669
Przhevalskoye,55.51,31.85,57.16,82,96,12.95,RU,1600698669
Nísia Floresta,-6.09,-35.21,86.0,66,75,38.52,BR,1600698669
Mitchell,43.71,-98.03,62.6,72,20,18.01,US,1600698670
Camacha,33.08,-16.33,75.2,69,40,20.51,PT,1600698670
Manokwari,-0.87,134.08,79.93,75,12,6.8,ID,1600698670
Kapaa,22.08,-159.32,78.8,78,20,20.51,US,1600698670
Saint Paul Harbor,57.79,-152.41,50.0,87,90,41.03,US,1600698671
Dankov,53.25,39.16,59.0,44,32,35.03,RU,1600698671
Tevaitoa,-16.78,-151.5,78.58,78,45,47.29,PF,1600698671
Busselton,-33.65,115.33,55.99,77,38,23.06,AU,1600698671
Tual,-5.67,132.75,80.73,85,63,42.64,ID,1600698672
São Filipe,14.9,-24.5,80.22,79,100,7.36,CV,1600698672
Kloulklubed,7.04,134.26,78.8,88,75,13.02,PW,1600698672
Padang,-0.95,100.35,80.11,67,100,11.65,ID,1600698672
Coyhaique,-45.58,-72.07,50.0,61,17,10.51,CL,1600698672
Gunnedah,-30.98,150.25,66.2,82,76,25.52,AU,1600698673
Kasulu,-4.58,30.1,82.31,34,90,21.07,TZ,1600698673
Nikolskoye,59.7,30.79,59.0,62,40,20.02,RU,1600698673
Lenine,45.3,35.78,66.04,47,0,32.44,UA,1600698674
Kyra,49.58,111.98,42.1,81,100,5.66,RU,1600698674
Stanghelle,60.55,5.74,55.0,91,100,22.73,NO,1600698674
Novoagansk,61.94,76.66,52.54,84,79,16.75,RU,1600698674
Mount Gambier,-37.83,140.77,50.0,93,40,31.03,AU,1600698381
Esperance,-33.87,121.9,50.0,93,90,18.01,AU,1600698675
Mildura,-34.2,142.15,60.8,55,90,20.51,AU,1600698675
Okhotsk,59.38,143.3,45.66,76,0,14.36,RU,1600698675
Sikasso,10.92,-7.0,87.51,62,73,12.41,ML,1600698675
Collierville,35.04,-89.66,64.4,72,5,23.02,US,1600698503
Perry,37.25,-83.2,57.2,66,1,10.51,US,1600698676
Hambantota,6.12,81.12,75.2,100,75,2.51,LK,1600698676
Pimentel,-6.84,-79.93,60.8,87,90,20.51,PE,1600698677
Shakiso,5.75,38.92,66.92,77,82,4.09,ET,1600698677
Derzhavīnsk,51.1,66.32,46.51,75,75,35.88,KZ,1600698677
Eydhafushi,5.1,73.07,82.11,80,73,28.52,MV,1600698678
El Dovio,4.51,-76.24,73.4,88,75,2.1,CO,1600698678
Port Blair,11.67,92.75,81.73,83,100,26.42,IN,1600698678
Pangnirtung,66.15,-65.71,33.8,64,5,3.89,CA,1600698678
Severnoye,56.35,78.36,50.52,74,0,16.51,RU,1600698678
Saint-Philippe,-21.36,55.77,75.2,60,16,7.52,RE,1600698679
East London,-33.02,27.91,64.4,52,0,54.04,ZA,1600698679
Tynset,62.28,10.78,59.0,47,100,49.03,NO,1600698679
Alyangula,-13.85,136.42,73.4,88,0,6.11,AU,1600698680
Bugac,46.69,19.68,80.01,27,16,25.52,HU,1600698680
Ganzhou,28.82,115.43,64.18,92,100,9.26,CN,1600698680
Mossamedes,-15.2,12.15,69.8,77,90,25.52,AO,1600698680
Homer,59.64,-151.55,48.99,93,90,19.01,US,1600698680
Cabedelo,-6.98,-34.83,84.2,66,75,25.52,BR,1600698681
Tevriz,57.51,72.4,43.75,69,91,15.86,RU,1600698681
Wuwei,37.93,102.64,56.79,81,100,13.6,CN,1600698681
Charter Township of Clinton,42.59,-82.92,64.0,87,20,10.51,US,1600698584
Yichun,47.7,128.9,44.51,95,98,5.75,CN,1600698682
Los Llanos de Aridane,28.66,-17.92,80.6,65,20,25.52,ES,1600698414
Tokoroa,-38.23,175.87,50.0,91,29,1.1,NZ,1600698682
Naze,28.37,129.48,75.2,100,75,25.52,JP,1600698683
Commerce,34.0,-118.16,66.99,82,90,9.66,US,1600698584
Kavieng,-2.57,150.8,82.4,78,33,27.07,PG,1600698683
Ust-Nera,64.57,143.2,35.82,80,1,2.39,RU,1600698684
Yangjiang,21.85,111.97,80.38,82,100,8.37,CN,1600698684
Scottsbluff,41.87,-103.67,57.0,62,1,10.51,US,1600698685
Natal,-5.79,-35.21,86.0,66,75,38.52,BR,1600698685
Nouadhibou,20.93,-17.03,86.0,58,36,15.5,MR,1600698685
Diego de Almagro,-26.37,-70.05,78.13,17,0,13.76,CL,1600698685
Bykovo,55.64,38.08,59.0,71,75,20.02,RU,1600698686
Macaé,-22.37,-41.79,78.8,78,90,10.51,BR,1600698686
Salalah,17.02,54.09,82.4,88,75,25.52,OM,1600698686
Chase,50.82,-119.69,44.01,97,50,4.56,CA,1600698687
Clyde River,70.47,-68.59,30.2,92,90,23.02,CA,1600698687
Tiznit Province,29.58,-9.5,89.38,22,0,22.21,MA,1600698688
Cidreira,-30.18,-50.21,60.64,46,0,22.66,BR,1600698688
Abalak,15.45,6.28,97.23,25,32,7.25,NE,1600698689
Anamur,36.08,32.84,86.0,66,40,13.02,TR,1600698689
Grand Gaube,-20.01,57.66,73.0,68,39,22.37,MU,1600698689
Punta Arenas,-53.15,-70.92,42.8,87,75,5.01,CL,1600698690
Saskylakh,71.92,114.08,43.2,78,34,20.27,RU,1600698690
Wanning,18.8,110.4,80.67,82,44,3.31,CN,1600698690
San Jeronimo,29.37,-110.79,77.0,72,95,5.01,MX,1600698690
Ilhabela,-23.78,-45.36,69.03,91,100,17.27,BR,1600698691
Hobart,-42.88,147.33,52.0,76,40,15.5,AU,1600698670
Hasaki,35.73,140.83,68.0,88,75,7.52,JP,1600698691
Valdemārpils,57.37,22.59,59.0,82,90,25.52,LV,1600698691
Norman Wells,65.28,-126.83,28.4,92,40,5.01,CA,1600698692
Liangxiang,39.73,116.14,79.0,66,94,3.6,CN,1600698692
Kajansi,0.21,32.52,78.8,65,20,25.52,UG,1600698692
Linqiong,30.42,103.46,68.0,82,20,5.01,CN,1600698693
Hithadhoo,-0.6,73.08,82.29,76,100,33.17,MV,1600698693
Nahariya,33.01,35.09,84.2,62,20,23.02,IL,1600698693
Kadiri,14.12,78.17,74.71,78,100,26.37,IN,1600698664
Bluff,-46.6,168.33,53.01,66,100,22.37,NZ,1600698694
Arraial do Cabo,-22.97,-42.03,78.8,69,61,25.52,BR,1600698694
Coffs Harbour,-30.3,153.13,71.6,83,11,20.51,AU,1600698694
Necochea,-38.55,-58.74,48.99,70,5,13.4,AR,1600698695
Tottori-shi,35.5,134.23,64.99,76,65,10.51,JP,1600698562
Gizo Government Station,-8.1,156.84,81.73,76,44,6.46,SB,1600698695
Ende,-8.84,121.66,77.58,81,100,5.35,ID,1600698695
Turgutlu,38.5,27.7,84.2,45,40,33.53,TR,1600698695
Charagua,-19.8,-63.22,64.4,36,75,26.06,BO,1600698696
Grindavik,63.84,-22.43,42.8,75,75,51.54,IS,1600698696
Isangel,-19.55,169.27,70.43,83,3,16.55,VU,1600698696
Mabaruma,8.2,-59.78,90.95,55,89,12.37,GY,1600698696
Thunder Bay,48.4,-89.32,62.6,63,5,7.52,CA,1600698411
Mangaratiba,-22.96,-44.04,78.8,74,75,7.52,BR,1600698697
San Carlos del Zulia,9.0,-71.91,87.08,62,53,8.9,VE,1600698697
Barkly West,-28.54,24.52,77.0,15,0,25.52,ZA,1600698697
Bay Roberts,47.6,-53.26,55.0,53,71,16.82,CA,1600698698
Amuntai,-2.42,115.25,75.61,96,95,2.86,ID,1600698698
Batemans Bay,-35.72,150.18,62.01,94,28,11.21,AU,1600698698
Nishihara,26.18,127.76,80.6,88,40,20.51,JP,1600698698
Methóni,36.82,21.7,80.6,54,20,28.52,GR,1600698699
Port Hueneme,34.15,-119.2,60.8,100,90,3.2,US,1600698699
Niksar,40.59,36.95,67.33,64,86,12.82,TR,1600698699
Puerto Rondón,6.28,-71.1,86.7,70,44,4.25,CO,1600698699
Khazar,42.0,48.33,67.59,61,81,26.46,RU,1600698700
Los Zacatones,22.95,-102.05,55.4,87,20,3.71,MX,1600698700
Keti Bandar,24.14,67.45,86.16,73,46,32.23,PK,1600698701
Zhigansk,66.77,123.37,41.61,76,38,7.16,RU,1600698701
Kiunga,-6.12,141.29,74.62,97,62,6.67,PG,1600698701
Lincoln,-43.65,172.48,45.0,81,0,14.2,NZ,1600698701
Lagoa,39.05,-27.98,68.5,82,36,40.13,PT,1600698702
Mar del Plata,-38.0,-57.56,50.0,57,75,18.01,AR,1600698535
Usinsk,65.99,57.53,39.02,75,87,28.92,RU,1600698702
Kologriv,58.83,44.32,46.71,87,100,16.26,RU,1600698703
Luena,-11.78,19.92,88.12,23,70,12.66,AO,1600698703
Sola,-13.88,167.55,79.05,80,8,45.14,VU,1600698703
Erdenet,49.03,104.08,44.83,65,16,5.21,MN,1600698704
Sault Ste. Marie,46.52,-84.33,57.2,67,1,18.01,CA,1600698704
Otradnoye,59.78,30.82,57.99,76,100,13.06,RU,1600698704
Sioux Lookout,50.1,-91.92,60.8,72,5,28.52,CA,1600698704
Ilulissat,69.22,-51.1,30.2,86,75,5.01,GL,1600698705
Lugoba,-6.45,38.33,79.81,57,75,17.47,TZ,1600698705
Cape Canaveral,28.41,-80.6,82.99,58,20,31.03,US,1600698705
Faanui,-16.48,-151.75,77.9,79,30,46.53,PF,1600698706
Khandyga,62.67,135.6,42.15,82,41,2.26,RU,1600698706
Ilebo,-4.32,20.58,80.8,78,95,9.51,CD,1600698707
Never,53.98,124.17,43.41,76,100,8.57,RU,1600698707
Yar-Sale,66.83,70.83,48.16,85,33,23.51,RU,1600698707
Hanzhong,33.07,107.03,59.34,91,98,0.65,CN,1600698707
Hai’an,32.54,120.45,73.99,79,100,6.4,CN,1600698708
Mayumba,-3.43,10.66,75.27,84,90,24.72,GA,1600698708
Cayenne,4.93,-52.33,89.6,59,75,10.51,GF,1600698708
Chumikan,54.72,135.31,46.81,85,0,4.56,RU,1600698709
Vép,47.23,16.72,73.99,55,95,15.82,HU,1600698709
Springfield,37.22,-93.3,64.99,69,0,11.21,US,1600698678
Yellowknife,62.46,-114.35,39.99,100,90,18.01,CA,1600698608
Aasiaat,68.71,-52.87,30.6,97,99,12.71,GL,1600698709
Komsomol'skiy,43.98,46.7,63.82,54,0,28.92,RU,1600698709
Villa Rica,-10.74,-75.27,78.15,49,44,8.1,PE,1600698710
Palmer,42.16,-72.33,55.99,57,1,13.02,US,1600698710
Tasiilaq,65.61,-37.64,32.0,92,100,10.51,GL,1600698710
Noumea,-22.28,166.46,64.4,77,0,5.01,NC,1600698710
Pierre,44.37,-100.35,57.0,66,1,12.41,US,1600698711
Saldanha,-33.01,17.94,69.8,35,0,7.52,ZA,1600698711
Leshukonskoye,64.9,45.76,37.53,97,77,8.05,RU,1600698711
Narsaq,60.92,-46.05,35.6,74,75,5.01,GL,1600698712
Maţāy,28.42,30.78,98.02,18,0,24.11,EG,1600698712
Tombouctou,20.0,-3.0,106.95,9,0,12.66,ML,1600698712
Moose Factory,51.26,-80.61,59.0,62,1,41.03,CA,1600698713
San Patricio,19.22,-104.7,86.0,74,40,10.36,MX,1600698713
Khatanga,71.97,102.5,44.74,73,98,18.92,RU,1600698713
Sechura,-5.56,-80.82,68.14,70,98,17.96,PE,1600698713
Coquimbo,-29.95,-71.34,57.2,76,20,20.51,CL,1600698713
Emba,48.83,58.14,47.43,55,73,26.78,KZ,1600698714
Vostok,46.49,135.88,40.8,98,0,5.1,RU,1600698714
Akdepe,42.06,59.38,66.2,39,0,10.51,TM,1600698715
Port Augusta,-32.5,137.77,57.2,67,0,25.52,AU,1600698715
Nanortalik,60.14,-45.24,38.52,83,67,15.21,GL,1600698545
Udupi,13.35,74.75,75.2,94,90,10.51,IN,1600698715
Bud,62.91,6.91,55.4,82,75,74.56,NO,1600698715
Saint George,32.38,-64.68,80.01,94,90,51.54,BM,1600698716
Spring Hill,28.48,-82.53,82.99,69,40,36.04,US,1600698716
Atar,20.52,-13.05,97.88,30,89,25.37,MR,1600698716
Colares,38.8,-9.45,77.0,60,75,25.52,PT,1600698717
Alice Springs,-23.7,133.88,75.0,18,76,15.5,AU,1600698554
Bethel,41.37,-73.41,54.0,62,1,10.51,US,1600698533
Cherskiy,68.75,161.3,30.36,94,0,18.61,RU,1600698717
Mahibadhoo,3.78,72.97,82.63,78,100,28.72,MV,1600698718
Evensk,61.95,159.23,36.09,81,0,17.67,RU,1600698718
Leningradskiy,69.38,178.42,34.72,87,71,32.12,RU,1600698718
Ossora,59.24,163.07,36.9,80,36,13.15,RU,1600698719
Nantucket,41.28,-70.1,60.8,41,1,54.04,US,1600698719
Rosemount,44.74,-93.13,64.0,51,1,20.51,US,1600698457
Cabo San Lucas,22.89,-109.91,79.0,73,20,13.02,MX,1600698719
Kirsanov,52.65,42.72,53.46,62,21,24.16,RU,1600698719
Thinadhoo,0.53,72.93,82.81,77,100,33.33,MV,1600698720
La Asuncion,11.03,-63.86,87.8,70,63,18.01,VE,1600698720
Biloela,-24.42,150.5,65.89,93,22,15.7,AU,1600698721
Guerrero Negro,27.98,-114.06,74.62,69,0,15.77,MX,1600698721
Vardø,70.37,31.11,42.8,87,75,61.54,NO,1600698721
Sørkjosen,69.8,20.93,46.36,71,65,24.47,NO,1600698722
Babenhausen,49.97,8.96,82.0,25,0,0.6,DE,1600698722
Baykit,61.67,96.37,43.66,85,14,7.61,RU,1600698722
Bushehr,28.97,50.84,95.0,53,0,15.5,IR,1600698722
Three Hills,51.7,-113.27,51.01,93,75,7.52,CA,1600698723
Synya,65.37,58.04,37.85,88,100,12.55,RU,1600698723
Karratha,-20.74,116.85,68.36,35,0,17.52,AU,1600698723
Chokurdakh,70.63,147.92,37.92,87,0,20.22,RU,1600698723
Tazovsky,67.47,78.7,54.61,67,31,50.2,RU,1600698724
Tulun,54.56,100.58,45.28,92,35,11.41,RU,1600698724
Cape Town,-33.93,18.42,64.99,51,0,43.53,ZA,1600698688
Talnakh,69.49,88.4,48.2,81,58,60.04,RU,1600698725
Menongue,-14.66,17.69,94.78,13,81,6.46,AO,1600698725
Uglegorsk,49.08,142.03,50.92,76,63,11.61,RU,1600698725
Xai-Xai,-25.05,33.64,70.79,70,90,48.63,MZ,1600698726
Taltal,-25.4,-70.48,66.38,50,8,12.71,CL,1600698726
Morehead,-8.71,141.64,77.92,74,60,17.92,PG,1600698726
Butaritari,3.07,172.79,82.2,78,36,32.17,KI,1600698726
Anaco,9.44,-64.47,83.61,78,100,15.61,VE,1600698727
Kampong Thom,12.71,104.89,79.52,87,92,4.5,KH,1600698615
Ankazoabo,-22.28,44.52,81.14,37,0,28.32,MG,1600698727
Avarua,-21.21,-159.78,73.4,94,60,7.52,CK,1600698728
Takhtamygda,54.1,123.57,43.77,76,100,6.46,RU,1600698728
Halifax,44.65,-63.57,55.99,58,20,18.01,CA,1600698515
Bubaque,11.28,-15.83,80.08,76,78,21.56,GW,1600698728
Carnarvon,-24.87,113.63,62.6,77,0,36.04,AU,1600698728
Laizhou,37.18,119.93,63.59,79,88,13.76,CN,1600698729
Tura,64.28,100.25,38.91,85,0,9.1,RU,1600698729
Bairiki Village,1.33,172.98,80.6,78,20,18.01,KI,1600698729
Tabou,4.42,-7.35,78.17,83,83,28.63,CI,1600698730
Tando Ghulam Ali,25.13,68.87,96.46,39,88,24.16,PK,1600698730
Constitucion,23.99,-104.67,62.01,82,59,6.11,MX,1600698730
São João da Barra,-21.64,-41.05,75.2,78,48,31.47,BR,1600698730
Vila Velha,-20.33,-40.29,82.4,65,40,23.02,BR,1600698731
Port-Gentil,-0.72,8.78,84.2,70,40,35.97,GA,1600698731
Lingdong,46.57,131.15,45.23,93,30,3.2,CN,1600698731
